mod,pos,percent
2’-O-Methyladenosine,28,95
2’-O-Methyladenosine,100,80
Pseudouridine,106,95
Pseudouridine,120,95
Pseudouridine,211,83
Pseudouridine,302,86
2’-O-Methylcytidine,414,95
2’-O-Methyladenosine,420,95
2’-O-Methyladenosine,436,73
Pseudouridine,466,60
2’-O-Methyladenosine,541,95
2’-O-Methylguanosine,562,67
2’-O-Methyluridine,578,95
2’-O-Methyladenosine,619,100
Pseudouridine,632,84
Pseudouridine,759,95
Pseudouridine,766,95
2’-O-Methyladenosine,796,95
2’-O-Methyladenosine,974,94
Pseudouridine,999,84
2’-O-Methylcytidine,1007,95
2’-O-Methylguanosine,1126,89
Pseudouridine,1181,95
Pseudouridine,1187,95
N1-methyl-N3-aminocarboxypropyl_pseudouridine,1191,100
2’-O-Methyluridine,1269,95
2’-O-Methylguanosine,1271,95
N4-Acetylcytidine,1280,84
Pseudouridine,1290,93
Pseudouridine,1415,79
2’-O-Methylguanosine,1428,95
2’-O-Methylguanosine,1572,100
N7-Methylguanosine,1575,95
2’-O-Methylcytidine,1639,79
N4-Acetylcytidine,1773,95
N6-N6-Dimethyladenosine,1781,90
N6-N6-Dimethyladenosine,1782,90