contig,mod,pos,percent,strand
RDN18-1,Canonical,38,100,+
RDN18-1,Canonical,58,100,+
RDN18-1,Canonical,146,100,+
RDN18-1,Canonical,162,100,+
RDN18-1,Canonical,183,100,+
RDN18-1,Canonical,198,100,+
RDN18-1,Canonical,229,100,+
RDN18-1,Canonical,281,100,+
RDN18-1,Canonical,364,100,+
RDN18-1,Canonical,372,100,+
RDN18-1,Canonical,388,100,+
RDN18-1,Canonical,397,100,+
RDN18-1,Canonical,482,100,+
RDN18-1,Canonical,494,100,+
RDN18-1,Canonical,675,100,+
RDN18-1,Canonical,783,100,+
RDN18-1,Canonical,893,100,+
RDN18-1,Canonical,901,100,+
RDN18-1,Canonical,904,100,+
RDN18-1,Canonical,929,100,+
RDN18-1,Canonical,937,100,+
RDN18-1,Canonical,1061,100,+
RDN18-1,Canonical,1226,100,+
RDN18-1,Canonical,1233,100,+
RDN18-1,Canonical,1349,100,+
RDN18-1,Canonical,1395,100,+
RDN18-1,Canonical,1399,100,+
RDN18-1,Canonical,1458,100,+
RDN18-1,Canonical,1506,100,+
RDN18-1,Canonical,1546,100,+
RDN18-1,Canonical,1551,100,+
RDN18-1,Canonical,1606,100,+
RDN18-1,Canonical,1692,100,+
RDN18-1,Canonical,1697,100,+
RDN18-1,Canonical,1714,100,+
RDN18-1,Canonical,1744,100,+
RDN25-1,Canonical,48,100,+
RDN25-1,Canonical,50,100,+
RDN25-1,Canonical,124,100,+
RDN25-1,Canonical,147,100,+
RDN25-1,Canonical,200,100,+
RDN25-1,Canonical,235,100,+
RDN25-1,Canonical,288,100,+
RDN25-1,Canonical,295,100,+
RDN25-1,Canonical,319,100,+
RDN25-1,Canonical,329,100,+
RDN25-1,Canonical,339,100,+
RDN25-1,Canonical,342,100,+
RDN25-1,Canonical,370,100,+
RDN25-1,Canonical,378,100,+
RDN25-1,Canonical,456,100,+
RDN25-1,Canonical,459,100,+
RDN25-1,Canonical,471,100,+
RDN25-1,Canonical,502,100,+
RDN25-1,Canonical,511,100,+
RDN25-1,Canonical,565,100,+
RDN25-1,Canonical,591,100,+
RDN25-1,Canonical,601,100,+
RDN25-1,Canonical,680,100,+
RDN25-1,Canonical,685,100,+
RDN25-1,Canonical,789,100,+
RDN25-1,Canonical,847,100,+
RDN25-1,Canonical,1076,100,+
RDN25-1,Canonical,1185,100,+
RDN25-1,Canonical,1196,100,+
RDN25-1,Canonical,1211,100,+
RDN25-1,Canonical,1214,100,+
RDN25-1,Canonical,1262,100,+
RDN25-1,Canonical,1288,100,+
RDN25-1,Canonical,1381,100,+
RDN25-1,Canonical,1390,100,+
RDN25-1,Canonical,1409,100,+
RDN25-1,Canonical,1413,100,+
RDN25-1,Canonical,1414,100,+
RDN25-1,Canonical,1469,100,+
RDN25-1,Canonical,1472,100,+
RDN25-1,Canonical,1476,100,+
RDN25-1,Canonical,1484,100,+
RDN25-1,Canonical,1509,100,+
RDN25-1,Canonical,1569,100,+
RDN25-1,Canonical,1588,100,+
RDN25-1,Canonical,1637,100,+
RDN25-1,Canonical,1639,100,+
RDN25-1,Canonical,1679,100,+
RDN25-1,Canonical,1697,100,+
RDN25-1,Canonical,1725,100,+
RDN25-1,Canonical,1834,100,+
RDN25-1,Canonical,1919,100,+
RDN25-1,Canonical,1939,100,+
RDN25-1,Canonical,1994,100,+
RDN25-1,Canonical,2037,100,+
RDN25-1,Canonical,2401,100,+
RDN25-1,Canonical,2444,100,+
RDN25-1,Canonical,2466,100,+
RDN25-1,Canonical,2534,100,+
RDN25-1,Canonical,2554,100,+
RDN25-1,Canonical,2558,100,+
RDN25-1,Canonical,2574,100,+
RDN25-1,Canonical,3017,100,+
RDN25-1,Canonical,3022,100,+
RDN25-1,Canonical,3033,100,+
RDN25-1,Canonical,3157,100,+
RDN25-1,Canonical,3158,100,+
RDN25-1,Canonical,3159,100,+
RDN25-1,Canonical,3224,100,+
RDN25-1,Canonical,3236,100,+
RDN25-1,Canonical,3242,100,+
RDN25-1,Canonical,3251,100,+
RDN25-1,Canonical,3258,100,+
